{"cameraMode":{"drawMode":0,"name":"Shaded","section":"Shading Mode"},"sceneLighting":false,"audioPlay":false,"sceneViewState":{"showFog":false,"showMaterialUpdate":true,"showSkybox":false,"showFlares":true,"showImageEffects":true,"showParticleSystems":true},"in2DMode":false,"pivot":{"x":-58.61509323120117,"y":12.548736572265625,"z":227.66748046875},"rotation":{"x":0.04561775177717209,"y":0.7050029039382935,"z":-0.045535821467638019,"w":0.7062702775001526},"size":-32.2380256652832,"orthographic":false}