{"cameraMode":{"drawMode":0,"name":"Shaded","section":"Shading Mode"},"sceneLighting":false,"audioPlay":false,"sceneViewState":{"showFog":false,"showMaterialUpdate":true,"showSkybox":false,"showFlares":true,"showImageEffects":true,"showParticleSystems":true},"in2DMode":false,"pivot":{"x":-9.677797317504883,"y":-19.426729202270509,"z":-0.011116350069642067},"rotation":{"x":0.27830737829208376,"y":-0.09632590413093567,"z":0.028064383193850519,"w":0.9552416205406189},"size":22.0,"orthographic":false}