{"cameraMode":{"drawMode":0,"name":"Shaded","section":"Shading Mode"},"sceneLighting":true,"audioPlay":false,"sceneViewState":{"showFog":false,"showMaterialUpdate":true,"showSkybox":true,"showFlares":true,"showImageEffects":true,"showParticleSystems":true},"in2DMode":false,"pivot":{"x":377.5052185058594,"y":-168.1532745361328,"z":631.13427734375},"rotation":{"x":-0.2303057610988617,"y":-0.05776667967438698,"z":0.013695396482944489,"w":-0.9713073968887329},"size":568.2363891601563,"orthographic":false}