{"cameraMode":{"drawMode":0,"name":"Shaded","section":"Shading Mode"},"sceneLighting":false,"audioPlay":false,"sceneViewState":{"showFog":false,"showMaterialUpdate":true,"showSkybox":false,"showFlares":true,"showImageEffects":true,"showParticleSystems":true},"in2DMode":false,"pivot":{"x":-207.0,"y":193.41001892089845,"z":-45.16900634765625},"rotation":{"x":0.06592610478401184,"y":-0.3513992428779602,"z":0.024814778938889505,"w":0.9335722923278809},"size":787.6814575195313,"orthographic":false}