{"cameraMode":{"drawMode":0,"name":"Shaded","section":"Shading Mode"},"sceneLighting":false,"audioPlay":false,"sceneViewState":{"showFog":false,"showMaterialUpdate":true,"showSkybox":false,"showFlares":true,"showImageEffects":true,"showParticleSystems":true},"in2DMode":false,"pivot":{"x":0.6678484082221985,"y":6.160006999969482,"z":-4.042537689208984},"rotation":{"x":-0.393661230802536,"y":0.09268812090158463,"z":-0.039935097098350528,"w":-0.9137001037597656},"size":10.0,"orthographic":false}