{"cameraMode":{"drawMode":0,"name":"Shaded","section":"Shading Mode"},"sceneLighting":true,"audioPlay":false,"sceneViewState":{"showFog":false,"showMaterialUpdate":true,"showSkybox":true,"showFlares":true,"showImageEffects":true,"showParticleSystems":true},"in2DMode":false,"pivot":{"x":-25.603271484375,"y":10.523360252380371,"z":19.573190689086915},"rotation":{"x":-0.3611786663532257,"y":0.583103597164154,"z":-0.32296448945999148,"w":-0.6521015763282776},"size":17.93189239501953,"orthographic":false}