{"cameraMode":{"drawMode":0,"name":"Shaded","section":"Shading Mode"},"sceneLighting":true,"audioPlay":false,"sceneViewState":{"showFog":true,"showMaterialUpdate":false,"showSkybox":true,"showFlares":true,"showImageEffects":true,"showParticleSystems":true},"in2DMode":false,"pivot":{"x":416.0617370605469,"y":64.58355712890625,"z":95.686767578125},"rotation":{"x":-0.2201174795627594,"y":0.056148726493120196,"z":-0.012692197225987912,"w":-0.9737738370895386},"size":4542.97412109375,"orthographic":false}